{
  "schema": "ddp-real-data-bottleneck-v1",
  "torch_version": "2.9.0+cu128",
  "gpu": "NVIDIA H800",
  "world_size": 8,
  "config": {
    "configs": [
      "/ytech_m2v4_hdd/lizhongyin/code/Graduation-Paper/configs/gfp_pc.json",
      "/ytech_m2v4_hdd/lizhongyin/code/Graduation-Paper/configs/irvis_msrs.json",
      "/ytech_m2v4_hdd/lizhongyin/code/Graduation-Paper/configs/medical_harvard.json"
    ],
    "checkpoint": "/ytech_m2v4_hdd/lizhongyin/code/Graduation-Paper/models/Ours_v3_frozen/model_26.pth",
    "bs_per_gpu": 10,
    "patch": 170,
    "workers": 4,
    "combine": "grouped",
    "cap_factor": 1.25,
    "attn": "sdpa",
    "compile": true,
    "bucket_cap_mb": 8.0,
    "gradient_as_bucket_view": true,
    "static_graph": true,
    "find_unused_parameters": false,
    "fused_adam": true,
    "comm_mode": "timed",
    "seed": 20260719,
    "learning_rate": 0.0
  },
  "measurement": {
    "warmup_steps": 12,
    "steps": 50,
    "critical_iteration_ms": [
      428.25210897717625,
      427.8854279546067,
      427.85213398747146,
      428.0840909923427,
      434.4335490022786,
      428.8838090142235,
      437.0294929831289,
      430.6722069741227,
      429.016420035623,
      429.53576595755294,
      431.63760000607,
      431.86150601832196,
      432.81823996221647,
      434.61831600870937,
      433.4439119556919,
      436.3388500059955,
      430.19954999908805,
      430.01148104667664,
      431.7549290135503,
      434.85722003970295,
      433.5229640128091,
      431.33152299560606,
      439.6625959780067,
      432.5810340233147,
      433.39839298278093,
      434.32382197352126,
      430.67961698397994,
      429.4270219979808,
      432.63606302207336,
      432.5248789973557,
      429.62479300331324,
      429.9526739632711,
      432.15722299646586,
      429.91094500757754,
      434.15136000839993,
      431.95679801283404,
      432.2888909955509,
      430.55551004363224,
      432.13004601420835,
      431.5693890093826,
      435.8793100109324,
      433.31940000643954,
      430.69830199237913,
      430.47858704812825,
      430.42941100429744,
      430.77084299875423,
      430.718218034599,
      436.16149900481105,
      429.8445219756104,
      431.52697797631845
    ],
    "critical_iteration_ms_mean": 431.8679844401777,
    "critical_iteration_ms_p95": 436.2590420554625,
    "global_samples_per_second": 185.24179351637397,
    "rank_gap_ms_mean": 0.02595698257209733,
    "last_loss": 1.0289045209188095
  },
  "stage_by_rank": [
    {
      "rank": 0,
      "data_wait_ms_mean": 0.3159265825524926,
      "data_wait_ms_p95": 0.5417696957010775,
      "h2d_ms_mean": 0.1288081135135144,
      "model_step_ms_mean": 431.3906461838633,
      "iteration_ms_mean": 431.8376002588775
    },
    {
      "rank": 1,
      "data_wait_ms_mean": 0.2671015611849725,
      "data_wait_ms_p95": 0.34742444695439184,
      "h2d_ms_mean": 0.10966183734126389,
      "model_step_ms_mean": 431.4668770157732,
      "iteration_ms_mean": 431.8453247169964
    },
    {
      "rank": 2,
      "data_wait_ms_mean": 0.34257083549164236,
      "data_wait_ms_p95": 0.5801103165140375,
      "h2d_ms_mean": 0.12302333721891046,
      "model_step_ms_mean": 431.3722422788851,
      "iteration_ms_mean": 431.8402524315752
    },
    {
      "rank": 3,
      "data_wait_ms_mean": 0.2596410841215402,
      "data_wait_ms_p95": 0.3673041792353615,
      "h2d_ms_mean": 0.10816605645231903,
      "model_step_ms_mean": 431.47026633727364,
      "iteration_ms_mean": 431.8398943392094
    },
    {
      "rank": 4,
      "data_wait_ms_mean": 0.33199808094650507,
      "data_wait_ms_p95": 0.5066969635663554,
      "h2d_ms_mean": 0.13948406442068517,
      "model_step_ms_mean": 431.3695219368674,
      "iteration_ms_mean": 431.8433808768168
    },
    {
      "rank": 5,
      "data_wait_ms_mean": 0.2095026441384107,
      "data_wait_ms_p95": 0.2666279644472524,
      "h2d_ms_mean": 0.09621014003641903,
      "model_step_ms_mean": 431.53295293683186,
      "iteration_ms_mean": 431.84043331770226
    },
    {
      "rank": 6,
      "data_wait_ms_mean": 0.26891054469160736,
      "data_wait_ms_p95": 0.37340927810873825,
      "h2d_ms_mean": 0.11419561458751559,
      "model_step_ms_mean": 431.4539606019389,
      "iteration_ms_mean": 431.8392582598608
    },
    {
      "rank": 7,
      "data_wait_ms_mean": 0.349954841658473,
      "data_wait_ms_p95": 0.6152692483738063,
      "h2d_ms_mean": 0.12260023970156908,
      "model_step_ms_mean": 431.3754603418056,
      "iteration_ms_mean": 431.85007545980625
    }
  ],
  "timed_communication_by_rank": [
    {
      "rank": 0,
      "steps_observed": 50,
      "bytes_per_step_mean": 16434656.0,
      "bucket_count_mean": 2.0,
      "first_ready_ms_mean": 266.05320876,
      "last_ready_ms_mean": 335.40629474,
      "all_complete_ms_mean": 335.5786604
    },
    {
      "rank": 1,
      "steps_observed": 50,
      "bytes_per_step_mean": 16434656.0,
      "bucket_count_mean": 2.0,
      "first_ready_ms_mean": 264.00447988,
      "last_ready_ms_mean": 333.49285094,
      "all_complete_ms_mean": 333.65660246
    },
    {
      "rank": 2,
      "steps_observed": 50,
      "bytes_per_step_mean": 16434656.0,
      "bucket_count_mean": 2.0,
      "first_ready_ms_mean": 266.04623306,
      "last_ready_ms_mean": 335.41984726000004,
      "all_complete_ms_mean": 335.58944928
    },
    {
      "rank": 3,
      "steps_observed": 50,
      "bytes_per_step_mean": 16434656.0,
      "bucket_count_mean": 2.0,
      "first_ready_ms_mean": 263.78214676,
      "last_ready_ms_mean": 333.13870477999996,
      "all_complete_ms_mean": 333.31087604
    },
    {
      "rank": 4,
      "steps_observed": 50,
      "bytes_per_step_mean": 16434656.0,
      "bucket_count_mean": 2.0,
      "first_ready_ms_mean": 265.60990884,
      "last_ready_ms_mean": 335.04286952,
      "all_complete_ms_mean": 335.21745856
    },
    {
      "rank": 5,
      "steps_observed": 50,
      "bytes_per_step_mean": 16434656.0,
      "bucket_count_mean": 2.0,
      "first_ready_ms_mean": 262.68219258,
      "last_ready_ms_mean": 332.01032432,
      "all_complete_ms_mean": 332.16957202
    },
    {
      "rank": 6,
      "steps_observed": 50,
      "bytes_per_step_mean": 16434656.0,
      "bucket_count_mean": 2.0,
      "first_ready_ms_mean": 264.11631372,
      "last_ready_ms_mean": 333.41082847999996,
      "all_complete_ms_mean": 333.58720882
    },
    {
      "rank": 7,
      "steps_observed": 50,
      "bytes_per_step_mean": 16434656.0,
      "bucket_count_mean": 2.0,
      "first_ready_ms_mean": 267.21101942,
      "last_ready_ms_mean": 337.94900742,
      "all_complete_ms_mean": 338.17610596
    }
  ],
  "ddp_logging": {
    "backend_name": "nccl",
    "bucket_sizes": "16434656",
    "comm_hook": "main.<locals>.timed_hook",
    "cuda_visible_devices": "0,1,2,3,4,5,6,7",
    "device_ids": "0",
    "dtypes": "float",
    "master_addr": "aiplatform-wlf3-ge98-285.idchb2az3.hb2.kwaidc.com",
    "master_port": "34577",
    "module_name": "OptimizedModule",
    "nccl_async_error_handling": "1",
    "nccl_blocking_wait": "N/A",
    "nccl_debug": "N/A",
    "nccl_ib_timeout": "N/A",
    "nccl_nthreads": "N/A",
    "nccl_socket_ifname": "N/A",