{
  "schema": "ddp-real-data-bottleneck-v1",
  "torch_version": "2.9.0+cu128",
  "gpu": "NVIDIA H800",
  "world_size": 4,
  "config": {
    "configs": [
      "/ytech_m2v4_hdd/lizhongyin/code/Graduation-Paper/configs/gfp_pc.json",
      "/ytech_m2v4_hdd/lizhongyin/code/Graduation-Paper/configs/irvis_msrs.json",
      "/ytech_m2v4_hdd/lizhongyin/code/Graduation-Paper/configs/medical_harvard.json"
    ],
    "checkpoint": "/ytech_m2v4_hdd/lizhongyin/code/Graduation-Paper/models/Ours_v3_frozen/model_26.pth",
    "bs_per_gpu": 10,
    "patch": 170,
    "workers": 4,
    "combine": "grouped",
    "cap_factor": 1.25,
    "attn": "sdpa",
    "compile": true,
    "bucket_cap_mb": 8.0,
    "gradient_as_bucket_view": true,
    "static_graph": true,
    "find_unused_parameters": false,
    "fused_adam": true,
    "comm_mode": "noop",
    "seed": 20260719,
    "learning_rate": 0.0
  },
  "measurement": {
    "warmup_steps": 12,
    "steps": 50,
    "critical_iteration_ms": [
      427.519817952998,
      425.8763699908741,
      427.6934119989164,
      426.0532900225371,
      426.8633419997059,
      425.79563602339476,
      425.15483900206164,
      427.07221099408343,
      430.0256490241736,
      428.2448940211907,
      430.07850798312575,
      431.79740296909586,
      430.5521000060253,
      427.0442120032385,
      427.6149779907428,
      427.82604799140245,
      427.72431700723246,
      4033.4448739886284,
      433.88850695919245,
      427.99635196570307,
      430.480295966845,
      427.04318201867864,
      425.7651520310901,
      425.97872600890696,
      424.69681397778913,
      424.3741550017148,
      424.85461599426344,
      424.7167590074241,
      423.93357801483944,
      426.03160202270374,
      427.4241180391982,
      427.1697829826735,
      426.32901103934273,
      423.7723650294356,
      424.36261201510206,
      426.5865519992076,
      426.42570700263605,
      424.7629920137115,
      424.1252589854412,
      425.07595603819937,
      424.03210001066327,
      424.95671001961455,
      424.1229330073111,
      423.72604698175564,
      424.01925899321213,
      423.2226579915732,
      425.0013559940271,
      423.64618700230494,
      424.32275001192465,
      423.8183670095168
    ],
    "critical_iteration_ms_mean": 498.4608872421086,
    "critical_iteration_ms_p95": 431.2370166357141,
    "global_samples_per_second": 80.24701841966491,
    "rank_gap_ms_mean": 56.57280965766404,
    "last_loss": 1.0046841173124554
  },
  "stage_by_rank": [
    {
      "rank": 0,
      "data_wait_ms_mean": 0.2571973006706685,
      "data_wait_ms_p95": 0.3791135211940855,
      "h2d_ms_mean": 0.11850801412947476,
      "model_step_ms_mean": 495.9893157577608,
      "iteration_ms_mean": 496.3658158562612
    },
    {
      "rank": 1,
      "data_wait_ms_mean": 0.3686511027626693,
      "data_wait_ms_p95": 0.587688331142999,
      "h2d_ms_mean": 0.14755055774003267,
      "model_step_ms_mean": 425.1378249411937,
      "iteration_ms_mean": 425.6552862410899
    },
    {
      "rank": 2,
      "data_wait_ms_mean": 0.2720790181774646,
      "data_wait_ms_p95": 0.3920437360648065,
      "h2d_ms_mean": 0.11133298510685563,
      "model_step_ms_mean": 421.27997317700647,
      "iteration_ms_mean": 421.6641038202215
    },
    {
      "rank": 3,
      "data_wait_ms_mean": 0.26132963597774506,
      "data_wait_ms_p95": 0.3739969368325546,
      "h2d_ms_mean": 0.11022917693480849,
      "model_step_ms_mean": 423.4944215998985,
      "iteration_ms_mean": 423.8671044202056
    }
  ],
  "timed_communication_by_rank": [
    {
      "rank": 0,
      "steps_observed": 0,
      "bytes_per_step_mean": 0.0,
      "bucket_count_mean": 0.0,
      "first_ready_ms_mean": 0.0,
      "last_ready_ms_mean": 0.0,
      "all_complete_ms_mean": 0.0
    },
    {
      "rank": 1,
      "steps_observed": 0,
      "bytes_per_step_mean": 0.0,
      "bucket_count_mean": 0.0,
      "first_ready_ms_mean": 0.0,
      "last_ready_ms_mean": 0.0,
      "all_complete_ms_mean": 0.0
    },
    {
      "rank": 2,
      "steps_observed": 0,
      "bytes_per_step_mean": 0.0,
      "bucket_count_mean": 0.0,
      "first_ready_ms_mean": 0.0,
      "last_ready_ms_mean": 0.0,
      "all_complete_ms_mean": 0.0
    },
    {
      "rank": 3,
      "steps_observed": 0,
      "bytes_per_step_mean": 0.0,
      "bucket_count_mean": 0.0,
      "first_ready_ms_mean": 0.0,
      "last_ready_ms_mean": 0.0,
      "all_complete_ms_mean": 0.0
    }
  ],
  "ddp_logging": {
    "backend_name": "nccl",
    "bucket_sizes": "16434656",
    "comm_hook": "main.<locals>.noop_hook",
    "cuda_visible_devices": "0,1,2,3",
    "device_ids": "0",
    "dtypes": "float",
    "master_addr": "aiplatform-wlf3-ge98-285.idchb2az3.hb2.kwaidc.com",
    "master_port": "39125",
    "module_name": "OptimizedModule",
    "nccl_async_error_handling": "1",
    "nccl_blocking_wait": "N/A",
    "nccl_debug": "N/A",
    "nccl_ib_timeout": "N/A",
    "nccl_nthreads": "N/A",
    "nccl_socket_ifname": "N/A",
    "prev_iteration_grad_ready_order_indices": "26, 27, 231, 235, 251, 236, 253, 249, 278, 274, 270, 266, 262, 258, 254, 250, 246, 242, 238, 234, 277, 273, 269, 265, 261, 232, 245, 241, 237, 233, 276, 272, 268, 264, 260, 256, 252, 248, 244, 257, 247, 275, 271, 267, 263, 259, 240, 239, 243, 255, 227, 228, 279, 230, 229, 218, 219, 223, 226, 225, 220, 221, 224, 222, 169, 173, 189, 174, 191, 187, 216, 212, 208, 204, 200, 196, 192, 188, 184, 180, 176, 172, 215, 211, 207, 203, 199, 170, 183, 179, 175, 171, 214, 210, 206, 202, 198, 194, 190, 186, 182, 195, 185, 213, 209, 205, 201, 197, 178, 177, 181, 193, 165, 166, 217, 168, 167, 156, 157, 161, 164, 163, 158, 159, 162, 160, 107, 111, 127, 112, 129, 125, 154, 150, 146, 142, 138, 134, 130, 126, 122, 118, 114, 110, 153, 149, 145, 141, 137, 108, 121, 117, 113, 109, 152, 148, 144, 140, 136, 132, 128, 124, 120, 133, 123, 151, 147, 143, 139, 135, 116, 115, 119, 131, 103, 104, 155, 106, 105, 94, 95, 99, 102, 101, 96, 97, 100, 98, 45, 49, 65, 50, 67, 63, 92, 88, 84, 80, 76, 72, 68, 64, 60, 56, 52, 48, 91, 87, 83, 79, 75, 46, 59, 55, 51, 47, 90, 86, 82, 78, 74, 70, 66, 62, 58, 71, 61, 89, 85, 81, 77, 73, 54, 53, 57, 69, 41, 42, 93, 43, 44, 32, 36, 34, 40, 39, 38, 33, 35, 37, 13, 16, 22, 24, 25, 23, 21, 20, 19, 18, 14, 15, 17, 29, 28, 0, 2, 5, 12, 11, 10, 8, 7, 4, 6, 9, 1, 3",
    "rebuilt_bucket_sizes": "8485448, 7949208",
    "rebuilt_per_bucket_param_indices": "26 27 231 235 251 236 253 249 278 274 270 266 262 258 254 250 246 242 238 234 277 273 269 265 261 232 245 241 237 233 276 272 268 264 260 256 252 248 244 257 247 275 271 267 263 259 240 239 243 255 227 228 279 230 229 218 219 223 226 225 220 221 224 222 169 173 189 174 191 187 216 212 208 204 200 196 192 188 184 180 176 172 215 211 207 203 199 170 183 179 175 171 214 210 206 202 198 194 190 186 182 195 185 213 209 205 201 197 178 177 181 193 165 166 217 168 167 156 157 161 164 163 158 159 162 160 107 111 127, 112 129 125 154 150 146 142 138 134 130 126 122 118 114 110 153 149 145 141 137 108 121 117 113 109 152 148 144 140 136 132 128 124 120 133 123 151 147 143 139 135 116 115 119 131 103 104 155 106 105 94 95 99 102 101 96 97 100 98 45 49 65 50 67 63 92 88 84 80 76 72 68 64 60 56 52 48 91 87 83 79 75 46 59 55 51 47 90 86 82 78 74 70 66 62 58 71 61 89 85 81 77 73 54 53 57 69 41 42 93 43 44 32 36 34 40 39 38 33 35 37 13 16 22 24 25 23 21 20 19 18 14 15 17 29 28 0 2 5 12 11 10 8 7 4 6 9 1 3 30 31",
    "torch_distributed_debug": "N/A",
    "avg_backward_comm_time": 44592898,
    "avg_backward_compute_comm_overlap_time": 28571463,
    "avg_backward_compute_time": 318293956,
    "avg_forward_compute_time": 578374788,
    "backward_comm_time": 35735200,
    "backward_comm_time_end": 1784458314437851812,
    "backward_comm_time_start": 1784458314368172963,
    "backward_compute_comm_overlap_time": 35732000,
    "backward_compute_time": 275870752,
    "backward_compute_time_end": 1784458314437144053,