{
  "schema": "ddp-real-data-bottleneck-v1",
  "torch_version": "2.9.0+cu128",
  "gpu": "NVIDIA H800",
  "world_size": 8,
  "config": {
    "configs": [
      "/ytech_m2v4_hdd/lizhongyin/code/Graduation-Paper/configs/gfp_pc.json",
      "/ytech_m2v4_hdd/lizhongyin/code/Graduation-Paper/configs/irvis_msrs.json",
      "/ytech_m2v4_hdd/lizhongyin/code/Graduation-Paper/configs/medical_harvard.json"
    ],
    "checkpoint": "/ytech_m2v4_hdd/lizhongyin/code/Graduation-Paper/models/Ours_v3_frozen/model_26.pth",
    "bs_per_gpu": 10,
    "patch": 170,
    "workers": 4,
    "combine": "grouped",
    "cap_factor": 1.25,
    "attn": "sdpa",
    "compile": true,
    "bucket_cap_mb": 8.0,
    "gradient_as_bucket_view": true,
    "static_graph": true,
    "find_unused_parameters": false,
    "fused_adam": true,
    "comm_mode": "noop",
    "seed": 20260719,
    "learning_rate": 0.0
  },
  "measurement": {
    "warmup_steps": 12,
    "steps": 50,
    "critical_iteration_ms": [
      423.74684201786295,
      428.0620320350863,
      429.34948700712994,
      423.8324210164137,
      424.6536510181613,
      428.9801780250855,
      432.01785295968875,
      433.67822299478576,
      428.9068609941751,
      428.2255859579891,
      429.4093589996919,
      433.0655260127969,
      428.87230799533427,
      431.44317297264934,
      429.43047801963985,
      428.14610298955813,
      426.3388070394285,
      430.78730697743595,
      428.9580259937793,
      428.4575419733301,
      427.26029199548066,
      431.03368201991543,
      425.95911701209843,
      432.05122801009566,
      428.50528802955523,
      429.6626540017314,
      429.7686950303614,
      428.17629099590704,
      431.4148639678024,
      426.2294879881665,
      426.8394540413283,
      428.2939719851129,
      430.7112660026178,
      428.99989400757477,
      426.7852960037999,
      430.27370201889426,
      431.74021498998627,
      429.1483649867587,
      427.3396570351906,
      430.22147804731503,
      430.08629500400275,
      428.177013003733,
      430.91422895668074,
      427.2175939986482,
      431.59697495866567,
      429.7714270069264,
      428.941385995131,
      430.08021503919736,
      428.06878697592765,
      430.1444569719024
    ],
    "critical_iteration_ms_mean": 429.0355007816106,
    "critical_iteration_ms_p95": 432.03620923741255,
    "global_samples_per_second": 186.46475607323208,
    "rank_gap_ms_mean": 3.571478865487734,
    "last_loss": 1.0289045209188095
  },
  "stage_by_rank": [
    {
      "rank": 0,
      "data_wait_ms_mean": 0.2683618769515306,
      "data_wait_ms_p95": 0.4198645590804517,
      "h2d_ms_mean": 0.11855936027131975,
      "model_step_ms_mean": 425.41098827845417,
      "iteration_ms_mean": 425.79896247945726
    },
    {
      "rank": 1,
      "data_wait_ms_mean": 0.2531997486948967,
      "data_wait_ms_p95": 0.31931795529089857,
      "h2d_ms_mean": 0.11192133883014321,
      "model_step_ms_mean": 423.6980544216931,
      "iteration_ms_mean": 424.0639901452232
    },
    {
      "rank": 2,
      "data_wait_ms_mean": 0.3219802607782185,
      "data_wait_ms_p95": 0.6961559469345954,
      "h2d_ms_mean": 0.12232730048708618,
      "model_step_ms_mean": 425.0200866814703,
      "iteration_ms_mean": 425.46543262316845
    },
    {
      "rank": 3,
      "data_wait_ms_mean": 0.2819721959531307,
      "data_wait_ms_p95": 0.46291073958855106,
      "h2d_ms_mean": 0.12429782073013484,
      "model_step_ms_mean": 425.63422015635297,
      "iteration_ms_mean": 426.0413415939547
    },
    {
      "rank": 4,
      "data_wait_ms_mean": 0.27217673719860613,
      "data_wait_ms_p95": 0.4241545248078182,
      "h2d_ms_mean": 0.1139195030555129,
      "model_step_ms_mean": 424.6345466549974,
      "iteration_ms_mean": 425.0215860910248
    },
    {
      "rank": 5,
      "data_wait_ms_mean": 0.29580281930975616,
      "data_wait_ms_p95": 0.5387383484048768,
      "h2d_ms_mean": 0.1275170175358653,
      "model_step_ms_mean": 424.98012985568494,
      "iteration_ms_mean": 425.40424037957564
    },
    {
      "rank": 6,
      "data_wait_ms_mean": 0.263746379641816,
      "data_wait_ms_p95": 0.3776281228056177,
      "h2d_ms_mean": 0.11196642299182713,
      "model_step_ms_mean": 424.70523471711203,
      "iteration_ms_mean": 425.08273291634396
    },
    {
      "rank": 7,
      "data_wait_ms_mean": 0.3290814394131303,
      "data_wait_ms_p95": 0.508854625513777,
      "h2d_ms_mean": 0.12273669941350818,
      "model_step_ms_mean": 426.38078732416034,
      "iteration_ms_mean": 426.83388910023496
    }
  ],
  "timed_communication_by_rank": [
    {
      "rank": 0,
      "steps_observed": 0,
      "bytes_per_step_mean": 0.0,
      "bucket_count_mean": 0.0,
      "first_ready_ms_mean": 0.0,
      "last_ready_ms_mean": 0.0,
      "all_complete_ms_mean": 0.0
    },
    {
      "rank": 1,
      "steps_observed": 0,
      "bytes_per_step_mean": 0.0,
      "bucket_count_mean": 0.0,
      "first_ready_ms_mean": 0.0,
      "last_ready_ms_mean": 0.0,
      "all_complete_ms_mean": 0.0
    },
    {
      "rank": 2,
      "steps_observed": 0,
      "bytes_per_step_mean": 0.0,
      "bucket_count_mean": 0.0,
      "first_ready_ms_mean": 0.0,
      "last_ready_ms_mean": 0.0,
      "all_complete_ms_mean": 0.0
    },
    {
      "rank": 3,
      "steps_observed": 0,
      "bytes_per_step_mean": 0.0,
      "bucket_count_mean": 0.0,
      "first_ready_ms_mean": 0.0,
      "last_ready_ms_mean": 0.0,
      "all_complete_ms_mean": 0.0
    },
    {
      "rank": 4,
      "steps_observed": 0,
      "bytes_per_step_mean": 0.0,
      "bucket_count_mean": 0.0,
      "first_ready_ms_mean": 0.0,
      "last_ready_ms_mean": 0.0,
      "all_complete_ms_mean": 0.0
    },
    {
      "rank": 5,
      "steps_observed": 0,
      "bytes_per_step_mean": 0.0,
      "bucket_count_mean": 0.0,
      "first_ready_ms_mean": 0.0,
      "last_ready_ms_mean": 0.0,
      "all_complete_ms_mean": 0.0
    },
    {
      "rank": 6,
      "steps_observed": 0,
      "bytes_per_step_mean": 0.0,
      "bucket_count_mean": 0.0,
      "first_ready_ms_mean": 0.0,
      "last_ready_ms_mean": 0.0,
      "all_complete_ms_mean": 0.0
    },
    {
      "rank": 7,
      "steps_observed": 0,
      "bytes_per_step_mean": 0.0,
      "bucket_count_mean": 0.0,
      "first_ready_ms_mean": 0.0,
      "last_ready_ms_mean": 0.0,
      "all_complete_ms_mean": 0.0
    }
  ],
  "ddp_logging": {
    "backend_name": "nccl",
    "bucket_sizes": "16434656",
    "comm_hook": "main.<locals>.noop_hook",
    "cuda_visible_devices": "0,1,2,3,4,5,6,7",
    "device_ids": "0",
    "dtypes": "float",
    "master_addr": "aiplatform-wlf3-ge98-285.idchb2az3.hb2.kwaidc.com",
    "master_port": "34937",
    "module_name": "OptimizedModule",
    "nccl_async_error_handling": "1",
    "nccl_blocking_wait": "N/A",
    "nccl_debug": "N/A",
    "nccl_ib_timeout": "N/A",
    "nccl_nthreads": "N/A",
    "nccl_socket_ifname": "N/A",