{
  "schema": "ddp-real-data-bottleneck-v1",
  "torch_version": "2.9.0+cu128",
  "gpu": "NVIDIA H800",
  "world_size": 8,
  "config": {
    "configs": [
      "/ytech_m2v4_hdd/lizhongyin/code/Graduation-Paper/configs/gfp_pc.json",
      "/ytech_m2v4_hdd/lizhongyin/code/Graduation-Paper/configs/irvis_msrs.json",
      "/ytech_m2v4_hdd/lizhongyin/code/Graduation-Paper/configs/medical_harvard.json"
    ],
    "checkpoint": "/ytech_m2v4_hdd/lizhongyin/code/Graduation-Paper/models/Ours_v3_frozen/model_26.pth",
    "bs_per_gpu": 10,
    "patch": 170,
    "workers": 4,
    "combine": "grouped",
    "cap_factor": 1.25,
    "attn": "sdpa",
    "compile": true,
    "bucket_cap_mb": 8.0,
    "gradient_as_bucket_view": true,
    "static_graph": true,
    "find_unused_parameters": false,
    "fused_adam": true,
    "comm_mode": "default",
    "seed": 20260719,
    "learning_rate": 0.0
  },
  "measurement": {
    "warmup_steps": 12,
    "steps": 50,
    "critical_iteration_ms": [
      424.97736401855946,
      425.37008301587775,
      424.36131701106206,
      429.0508719859645,
      427.58116096956655,
      425.65250501502305,
      425.41845404775813,
      432.5765789835714,
      429.1159330168739,
      428.2529390184209,
      427.1390240173787,
      430.28606998268515,
      426.94106098497286,
      434.45123598212376,
      428.5983020090498,
      427.0734239835292,
      428.5005129640922,
      429.29438897408545,
      427.75651696138084,
      429.1680729947984,
      428.8913310156204,
      428.58652101131156,
      427.0865739672445,
      427.01072699856013,
      426.48399801691994,
      429.92576700635254,
      429.5958770089783,
      430.36092998227105,
      429.49787504039705,
      432.85978998756036,
      427.54750698804855,
      428.2030769973062,
      429.19993301620707,
      430.9017629711889,
      429.1844299877994,
      429.5642329961993,
      430.73972302954644,
      432.0314250071533,
      435.0536270067096,
      429.6453890274279,
      430.81326101673767,
      429.3129029683769,
      429.3781779706478,
      429.5273249736056,
      428.31001296872273,
      432.55609599873424,
      431.9340809597634,
      434.12863998673856,
      433.4125790046528,
      431.8584630382247
    ],
    "critical_iteration_ms_mean": 429.3033570377156,
    "critical_iteration_ms_p95": 433.80641254479997,
    "global_samples_per_second": 186.34841467818234,
    "rank_gap_ms_mean": 0.015735424094600603,
    "last_loss": 1.0289045209188095
  },
  "stage_by_rank": [
    {
      "rank": 0,
      "data_wait_ms_mean": 0.2468364592641592,
      "data_wait_ms_p95": 0.3569355700165033,
      "h2d_ms_mean": 0.10479791671968997,
      "model_step_ms_mean": 428.9345240662806,
      "iteration_ms_mean": 429.28687768173404
    },
    {
      "rank": 1,
      "data_wait_ms_mean": 0.23779756273142993,
      "data_wait_ms_p95": 0.2913970907684415,
      "h2d_ms_mean": 0.09837952209636569,
      "model_step_ms_mean": 428.94990862347186,
      "iteration_ms_mean": 429.28687558625825
    },
    {
      "rank": 2,
      "data_wait_ms_mean": 0.2476794202812016,
      "data_wait_ms_p95": 0.3196502715582028,
      "h2d_ms_mean": 0.1024526939727366,
      "model_step_ms_mean": 428.93381344154477,
      "iteration_ms_mean": 429.28479880210944
    },
    {
      "rank": 3,
      "data_wait_ms_mean": 0.2349209424573928,
      "data_wait_ms_p95": 0.28513113502413023,
      "h2d_ms_mean": 0.10441191610880196,
      "model_step_ms_mean": 428.9452598965727,
      "iteration_ms_mean": 429.2853938601911
    },
    {
      "rank": 4,
      "data_wait_ms_mean": 0.2576814207714051,
      "data_wait_ms_p95": 0.3357434063218534,
      "h2d_ms_mean": 0.1070182432886213,
      "model_step_ms_mean": 428.92051119939424,
      "iteration_ms_mean": 429.2859853198752
    },
    {
      "rank": 5,
      "data_wait_ms_mean": 0.23301580222323537,
      "data_wait_ms_p95": 0.2777696005068719,
      "h2d_ms_mean": 0.09903999976813793,
      "model_step_ms_mean": 428.9542329427786,
      "iteration_ms_mean": 429.2871154239401
    },
    {
      "rank": 6,
      "data_wait_ms_mean": 0.22712653735652566,
      "data_wait_ms_p95": 0.2870159456506371,
      "h2d_ms_mean": 0.09980808128602803,
      "model_step_ms_mean": 428.96232072263956,
      "iteration_ms_mean": 429.2900059965905
    },
    {
      "rank": 7,
      "data_wait_ms_mean": 0.22274057497270405,
      "data_wait_ms_p95": 0.3011682914802804,
      "h2d_ms_mean": 0.10099161881953478,
      "model_step_ms_mean": 428.9694330364,
      "iteration_ms_mean": 429.2939202382695
    }
  ],
  "timed_communication_by_rank": [
    {
      "rank": 0,
      "steps_observed": 0,
      "bytes_per_step_mean": 0.0,
      "bucket_count_mean": 0.0,
      "first_ready_ms_mean": 0.0,
      "last_ready_ms_mean": 0.0,
      "all_complete_ms_mean": 0.0
    },
    {
      "rank": 1,
      "steps_observed": 0,
      "bytes_per_step_mean": 0.0,
      "bucket_count_mean": 0.0,
      "first_ready_ms_mean": 0.0,
      "last_ready_ms_mean": 0.0,
      "all_complete_ms_mean": 0.0
    },
    {
      "rank": 2,
      "steps_observed": 0,
      "bytes_per_step_mean": 0.0,
      "bucket_count_mean": 0.0,
      "first_ready_ms_mean": 0.0,
      "last_ready_ms_mean": 0.0,
      "all_complete_ms_mean": 0.0
    },
    {
      "rank": 3,
      "steps_observed": 0,
      "bytes_per_step_mean": 0.0,
      "bucket_count_mean": 0.0,
      "first_ready_ms_mean": 0.0,
      "last_ready_ms_mean": 0.0,
      "all_complete_ms_mean": 0.0
    },
    {
      "rank": 4,
      "steps_observed": 0,
      "bytes_per_step_mean": 0.0,
      "bucket_count_mean": 0.0,
      "first_ready_ms_mean": 0.0,
      "last_ready_ms_mean": 0.0,
      "all_complete_ms_mean": 0.0
    },
    {
      "rank": 5,
      "steps_observed": 0,
      "bytes_per_step_mean": 0.0,
      "bucket_count_mean": 0.0,
      "first_ready_ms_mean": 0.0,
      "last_ready_ms_mean": 0.0,
      "all_complete_ms_mean": 0.0
    },
    {
      "rank": 6,
      "steps_observed": 0,
      "bytes_per_step_mean": 0.0,
      "bucket_count_mean": 0.0,
      "first_ready_ms_mean": 0.0,
      "last_ready_ms_mean": 0.0,
      "all_complete_ms_mean": 0.0
    },
    {
      "rank": 7,
      "steps_observed": 0,
      "bytes_per_step_mean": 0.0,
      "bucket_count_mean": 0.0,
      "first_ready_ms_mean": 0.0,
      "last_ready_ms_mean": 0.0,
      "all_complete_ms_mean": 0.0
    }
  ],
  "ddp_logging": {
    "backend_name": "nccl",
    "bucket_sizes": "16434656",
    "cuda_visible_devices": "0,1,2,3,4,5,6,7",
    "device_ids": "0",
    "dtypes": "float",
    "master_addr": "aiplatform-wlf3-ge98-285.idchb2az3.hb2.kwaidc.com",
    "master_port": "45357",
    "module_name": "OptimizedModule",
    "nccl_async_error_handling": "1",
    "nccl_blocking_wait": "N/A",
    "nccl_debug": "N/A",
    "nccl_ib_timeout": "N/A",
    "nccl_nthreads": "N/A",
    "nccl_socket_ifname": "N/A",